<?xml version="1.0" encoding="utf-8" ?>
<dwsync>
<file name="jquery-3.4.1.min.js" server="C:/wamp/bin/php/php7.4.9" local="132628906050648278" remote="132628906050000000" Dst="0" />
<file name="popper.min.js" server="C:/wamp/bin/php/php7.4.9" local="132628906050678189" remote="132628906050000000" Dst="0" />
<file name="bootstrap-4.4.1.js" server="C:/wamp/bin/php/php7.4.9" local="132628906050688171" remote="132628906050000000" Dst="0" />
<file name="jquery-3.4.1.min.js" server="C:/wamp/bin/apache/apache2.4.46/bin" local="132628906050648278" remote="132628906050000000" Dst="0" />
<file name="popper.min.js" server="C:/wamp/bin/apache/apache2.4.46/bin" local="132628906050678189" remote="132628906050000000" Dst="0" />
<file name="bootstrap-4.4.1.js" server="C:/wamp/bin/apache/apache2.4.46/bin" local="132628906050688171" remote="132628906050000000" Dst="0" />
<file name="anychart-base.min.js" server="C:/wamp/bin/apache/apache2.4.46/bin" local="132635605782403770" remote="132635605780000000" Dst="0" />
<file name="anychart-base.min.js" server="C:/wamp/bin/apache/apache2.4.46/bin/" local="132635605782403770" remote="132635605780000000" Dst="0" />
<file name="jquery-3.4.1.min.js" server="C:/wamp/bin/apache/apache2.4.46/bin/" local="132628906050648278" remote="132628906050000000" Dst="0" />
<file name="popper.min.js" server="C:/wamp/bin/apache/apache2.4.46/bin/" local="132628906050678189" remote="132628906050000000" Dst="0" />
<file name="bootstrap-4.4.1.js" server="C:/wamp/bin/apache/apache2.4.46/bin/" local="132628906050688171" remote="132628906050000000" Dst="0" />
</dwsync>